{"decrypt_and_verify": 0.002107858657836914, "update_attribute": 0.5529227256774902, "create_connection": 0.30218935012817383, "publish_authentication_result": 0.0003883838653564453}